OBJECTID,ID,ADDRESS,TERMINAL_NUMBER,LATITUDE,LONGITUDE,INSTALLED,LOCKED,INSTALL_DATE,REMOVAL_DATE,TEMPORARY_INSTALL,NUMBER_OF_BIKES,NUMBER_OF_EMPTY_DOCKS,X,Y,SE_ANNO_CAD_DATA,OWNER
237709931,90,34th St & Wisconsin Ave NW,31226,38.916442,-77.0682,YES,NO,,,NO,3,5,394085.43254774,138732.70732736,,DC
237709932,91,13th St & New York Ave NW,31227,38.900283,-77.029822,YES,NO,,,NO,13,8,397413.13477499,136937.13928906,,DC
237709933,92,8th & H St NW,31228,38.8997,-77.023086,YES,NO,,,NO,28,2,397997.42273853,136872.25229554,,DC
237709934,93,10th & Monroe St NE,31504,38.932514,-76.992889,YES,NO,,,NO,1,10,400616.55446976,140514.65083001,,DC
237709935,94,Eckington Pl & Q St NE,31505,38.910972,-77.00495,YES,NO,,,NO,9,13,399570.68391328,138123.29427771,,DC
237709936,95,6th & H St NE,31615,38.899972,-76.998347,YES,NO,,,NO,22,1,400143.38766466,136902.19455674,,DC
237709937,96,3rd & H St NE,31616,38.900412,-77.001949,YES,NO,,,NO,14,3,399830.93718412,136951.03859198,,DC
237709938,97,Bladensburg Rd & Benning Rd NE,31617,38.900413,-76.982872,YES,NO,,,NO,8,6,401485.74030431,136951.28717624,,DC
237709939,98,4th & East Capitol St NE,31618,38.889955,-77.000349,YES,NO,,,NO,3,8,399969.72212823,135790.22701798,,DC
237709940,99,Lincoln Park / 13th & East Capitol St NE,31619,38.890461,-76.988355,YES,NO,,,NO,3,22,401010.26737857,135846.46135466,,DC
237709941,100,Branch & Pennsylvania Ave SE,31701,38.8692,-76.9599,YES,NO,,,NO,6,5,403479.93073282,133487.02816607,,DC
237709942,101,13th & D St NE,31622,38.894832,-76.987633,YES,NO,,,NO,4,26,401072.83909032,136331.6849909,,DC
237709943,102,New Hampshire Ave & T St NW,31229,38.91554,-77.03818,YES,NO,,,NO,3,19,396688.84082399,138631.06089313,,DC
237709944,103,Metro Center / 12th & G St NW,31230,38.898364,-77.027869,YES,NO,,,NO,14,24,397582.47982913,136724.06141167,,DC
237709945,104,14th & D St NW / Ronald Reagan Building,31231,38.894514,-77.031617,YES,NO,,,NO,6,18,397257.20836553,136296.78677707,,DC
237709946,105,7th & F St NW / National Portrait Gallery,31232,38.897312,-77.022325,YES,NO,,,NO,13,12,398063.37026696,136607.14881344,,DC
237709947,106,17th & K St NW / Farragut Square,31233,38.902061,-77.038322,YES,NO,,,NO,26,8,396675.89775652,137134.78675859,,DC
237709948,107,20th & O St NW / Dupont South,31234,38.908905,-77.04478,YES,NO,,,NO,5,12,396116.0947985,137894.78124868,,DC
237709949,108,4th & D St NW / Judiciary Square,31621,38.895344,-77.016106,YES,NO,,,NO,7,8,398602.81213383,136388.57162835,,DC
237709950,109,19th St & Constitution Ave NW,31235,38.8923,-77.0436,YES,NO,,,NO,3,31,396217.55940232,136051.44360649,,DC
237709951,110,37th & O St NW / Georgetown University,31236,38.90774,-77.071652,YES,NO,,,NO,1,21,393785.30362802,137766.94307056,,DC
237709952,111,11th & H St NE,31614,38.899983,-76.991383,YES,NO,,,NO,16,3,400747.47205932,136903.4496248,,DC
237709953,112,25th St & Pennsylvania Ave NW,31237,38.903827,-77.053485,YES,NO,,,NO,0,13,395360.75356309,137331.48834951,,DC
237709954,113,Columbus Circle / Union Station,31623,38.89696,-77.00493,YES,NO,,,NO,32,19,399572.33452251,136567.84875416,,DC
237709955,114,North Capitol St & F St NW,31624,38.897446,-77.009888,YES,NO,,,NO,9,14,399142.24595819,136621.83352922,,DC
237709956,115,11th & M St NW,31266,38.905607,-77.027137,YES,NO,,,NO,5,13,397646.21680293,137528.07359221,,DC
237709957,116,36th & Calvert St NW / Glover Park,31304,38.922581,-77.070334,YES,NO,,,NO,3,12,393900.88891277,139414.32818096,,DC
237709958,117,14th & G St NW,31238,38.898409,-77.032278,YES,NO,,,NO,7,14,397200.01914538,136729.18276662,,DC
237709959,118,Potomac Ave & 35th St S,31052,38.844015,-77.050537,YES,NO,,,NO,1,22,395612.7850665,130691.76225178,,
237709960,124,Ohio Dr & West Basin Dr SW / MLK & FDR Memorials,31240,38.88412,-77.04657,YES,NO,,,NO,15,15,395959.43911633,135143.52730167,,DC
237709961,125,11th & F St NW,31262,38.897857,-77.026975,YES,NO,,,NO,15,0,397660.01398863,136667.7570737,,DC
237709962,126,23rd & E St NW,31260,38.896104,-77.049882,YES,NO,,,NO,8,11,395672.80643508,136473.99663923,,DC
237709963,127,Lynn & 19th St North,31014,38.897315,-77.070993,YES,NO,,,NO,5,25,393841.56164086,136609.63967085,,
237709964,128,Rosslyn Metro / Wilson Blvd & Ft Myer Dr,31015,38.8946,-77.072305,YES,NO,,,NO,2,16,393727.51072873,136308.34254655,,
237709965,129,Clarendon Blvd & Pierce St,31016,38.893438,-77.076389,YES,NO,,,NO,7,5,393373.11414719,136179.63995377,,
237709966,130,Wilson Blvd & N Uhle St,31017,38.891696,-77.0846,YES,NO,,,NO,5,10,392660.61582418,135986.8924231,,
237709967,131,N Rhodes & 16th St N,31018,38.892164,-77.079375,YES,NO,,,NO,2,8,393113.95026708,136038.43697471,,
237709968,132,Fairfax Village,31706,38.86559,-76.952103,YES,NO,,,NO,5,9,404156.7748465,133086.6176774,,DC
237709969,133,21st St & Constitution Ave NW,31261,38.892459,-77.046567,YES,NO,,,NO,7,7,395960.17160973,136069.22097211,,DC
237709970,134,Wilson Blvd & N Edgewood St,31019,38.889,-77.0925,YES,NO,,,NO,7,7,391974.9565944,135688.28027547,,
237709971,135,Columbia Rd & Belmont St NW,31113,38.920669,-77.04368,YES,NO,,,NO,6,13,396212.12597888,139200.636678,,DC
237709972,136,Rhode Island & Connecticut Ave NW,31239,38.905996,-77.039802,YES,NO,,,NO,19,4,396547.71101083,137571.65850828,,DC
237709973,137,Thomas Circle,31241,38.9059,-77.0325,YES,NO,,,NO,23,8,397181.05762675,137560.75091601,,DC
237709974,138,Wilson Blvd & Franklin Rd,31020,38.8904,-77.0889,YES,NO,,,NO,2,7,392287.43385198,135843.38082737,,
237709975,139,Clarendon Blvd & N Fillmore St,31021,38.8881,-77.09308,YES,NO,,,NO,11,4,391924.53555307,135588.42446277,,
237709976,140,Clarendon Metro / Wilson Blvd & N Highland St,31022,38.88786,-77.094875,YES,NO,,,NO,10,7,391768.77673525,135561.94292851,,
237709977,141,18th St & Pennsylvania Ave NW,31242,38.89968,-77.041539,YES,NO,,,NO,5,19,396396.73056387,136870.59871663,,DC
237709978,142,4th & C St SW,31243,38.886372,-77.017701,YES,NO,,,NO,10,28,398464.25352264,135392.63496554,,DC
237709979,143,4th & E St SW,31244,38.88412,-77.017445,YES,NO,,,NO,9,10,398486.41642165,135142.64129491,,DC
237709980,144,3rd & G St SE,31625,38.881185,-77.001828,YES,NO,,,NO,2,17,399841.39039203,134816.69073244,,DC
237709981,145,7th & R St NW / Shaw Library,31245,38.912719,-77.022155,YES,NO,,,NO,8,6,398078.53235602,138317.44722014,,DC
237709982,146,9th & Upshur St NW,31404,38.9418,-77.0251,YES,NO,,,NO,4,11,397824.00484445,141545.75347825,,DC
237709983,147,1st & Rhode Island Ave NW,31506,38.915417,-77.012289,YES,NO,,,NO,15,0,398934.23503524,138616.78618346,,DC
237709984,148,Columbia Rd & Georgia Ave NW,31115,38.928121,-77.023795,YES,NO,,,NO,1,17,397936.74344645,140027.23478731,,DC
237709985,149,California St & Florida Ave NW,31116,38.917761,-77.04062,YES,NO,,,NO,19,0,396477.34162756,138877.70174796,,DC
237709986,150,Benning Rd & East Capitol St NE / Benning Rd Metro,31707,38.889935,-76.93723,YES,NO,,,NO,8,9,405445.68021157,135789.87902946,,DC
237709987,151,3000 Connecticut Ave NW / National Zoo,31307,38.930282,-77.055599,YES,NO,,,NO,3,12,395179.17550824,140268.32354902,,DC
237709988,152,Anacostia Ave & Benning Rd NE / River Terrace,31708,38.896544,-76.96012,YES,NO,,,NO,9,6,403459.51281234,136522.41355417,,DC
237709989,153,M St & Pennsylvania Ave NW,31246,38.905126,-77.056887,YES,NO,,,NO,7,10,395065.75667991,137475.86623703,,DC
237709990,154,15th St & Massachusetts Ave SE,31626,38.88732,-76.983569,YES,NO,,,NO,6,9,401425.5417836,135497.84971905,,DC
237709991,155,Congress Heights Metro,31806,38.844711,-76.987823,YES,NO,,,NO,5,10,401057.09871953,130767.87922723,,DC
237709992,156,N Quincy St & Glebe Rd,31035,38.876393,-77.107735,YES,NO,,,NO,6,4,390651.55922442,134290.2570428,,
237709993,157,Barcroft Community Center,31033,38.850337,-77.100989,YES,NO,,,NO,5,6,391233.72684756,131397.18311219,,
237709994,158,N Veitch  & 20th St N,31029,38.896923,-77.086502,YES,NO,,,NO,6,9,392496.15967477,136567.28510903,,
237709995,159,10th & K St NW,31263,38.9024,-77.02622,YES,NO,,,NO,10,13,397725.65241957,137172.04739912,,DC
237709996,160,Fairfax Dr & Wilson Blvd,31023,38.885801,-77.097745,YES,NO,,,NO,3,7,391519.53488356,135333.64078152,,
237709997,161,Key Blvd & N Quinn St,31027,38.896355,-77.078408,YES,NO,,,NO,6,5,393198.24035826,136503.59842391,,
237709998,162,1st & K St SE,31628,38.878854,-77.005727,YES,NO,,,NO,11,3,399503.07062433,134557.94595692,,DC
237709999,163,39th & Calvert St NW / Stoddert,31306,38.922649,-77.077271,YES,NO,,,NO,10,9,393299.34379144,139422.36308098,,DC
237710000,164,1st & Washington Hospital Center NW,31507,38.928743,-77.012457,YES,NO,,,NO,5,9,398919.86707704,140096.08692818,,DC
237710001,165,Virginia Square Metro / N Monroe St & 9th St N,31024,38.882788,-77.103148,YES,NO,,,NO,9,10,391050.38685989,134999.69056817,,
237710002,166,Central Library / N Quincy St & 10th St N,31025,38.88397,-77.10783,YES,NO,,,NO,1,10,390644.30934888,135131.37099114,,
237710003,167,Washington Blvd & 10th St N,31026,38.884734,-77.093485,YES,NO,,,NO,7,8,391889.01580315,135214.80848005,,
237710004,168,Jefferson Dr & 14th St SW,31247,38.888553,-77.032429,YES,NO,,,NO,10,12,397186.53186857,135635.0937417,,DC
237710005,169,Smithsonian-National Mall / Jefferson Dr & 12th St SW,31248,38.888767,-77.02858,YES,NO,,,NO,9,26,397520.46999936,135658.73782359,,DC
237710006,170,George Mason Dr & Wilson Blvd,31036,38.87887,-77.1207,YES,NO,,,NO,10,5,389526.91727648,134566.63015205,,
237710007,171,6th St & Indiana Ave NW,31264,38.894573,-77.01994,YES,NO,,,NO,15,1,398270.19576117,136303.05019148,,DC
237710008,172,N Veitch & Key Blvd,31028,38.893237,-77.086063,YES,NO,,,NO,1,10,392533.85610369,136158.07410917,,
237710009,173,Lee Hwy & N Adams St,31030,38.89593,-77.089006,YES,NO,,,NO,3,15,392278.83629398,136457.26307774,,
237710010,174,15th & N Scott St,31031,38.89054,-77.08095,YES,NO,,,NO,1,9,392977.15386494,135858.28028852,,
237710011,175,Washington Blvd & 7th St N,31032,38.88081,-77.090792,YES,NO,,,NO,5,6,392122.23367875,134778.97873842,,
237710012,176,Ballston Metro / N Stuart & 9th St N,31037,38.881044,-77.111768,YES,NO,,,NO,14,8,390302.23781937,134806.97373735,,
237710013,177,N Randolph St & Fairfax Dr,31034,38.882629,-77.109366,YES,NO,,,NO,6,5,390510.86258655,134982.66832544,,
237710014,178,Jefferson Memorial,31249,38.879819,-77.037413,YES,NO,,,NO,20,3,396753.73375318,134665.71792817,,DC
237710015,179,Good Hope Rd & 14th St SE,31803,38.866611,-76.985238,YES,NO,,,NO,8,7,401281.11228246,133198.96929326,,DC
237710016,180,Glebe Rd & 11th St N,31038,38.883921,-77.116817,YES,NO,,,NO,6,5,389864.56068615,135126.89103108,,
237710017,181,Wilson Blvd & N Quincy St,31039,38.880012,-77.107854,YES,NO,,,NO,4,11,390641.70793238,134692.00542591,,
237710018,182,GMU / Fairfax Dr & Kenmore St,31040,38.884616,-77.10108,YES,NO,,,NO,1,10,391230.0410303,135202.41180552,,
237710019,183,Gallaudet / 8th St & Florida Ave NE,31508,38.90509,-76.9941,YES,NO,,,NO,2,15,400511.75228339,137470.34907981,,DC
237710020,185,20th & L St NW,31250,38.903584,-77.044789,YES,NO,,,NO,9,10,396115.02439795,137304.10738551,,DC
237710021,186,12th & L St NW,31251,38.903819,-77.0284,YES,NO,,,NO,1,15,397536.60617,137329.6244241,,DC
237710022,187,21st St & Pennsylvania Ave NW,31252,38.901539,-77.046564,YES,NO,,,NO,5,14,395960.94600021,137077.17295375,,DC
237710023,188,19th & K St NW,31253,38.902204,-77.04337,YES,NO,,,NO,2,21,396238.03496422,137150.85682925,,DC
237710024,189,Prince St & Union St,31041,38.803124,-77.040363,YES,NO,,,NO,3,15,396494.00267968,126152.15218226,,
237710025,190,Market Square / King St & Royal St,31042,38.804718,-77.043363,YES,NO,,,NO,13,0,396233.50175862,126329.21564255,,
237710026,191,Saint Asaph St & Pendleton  St,31043,38.810743,-77.044664,YES,NO,,,NO,2,13,396120.82449056,126998.08315733,,
237710027,192,King St & Patrick St,31044,38.805317,-77.049883,YES,NO,,,NO,5,8,395667.21274018,126395.99762896,,
237710028,193,15th & K St NW,31254,38.902,-77.03353,YES,NO,,,NO,14,11,397091.55982715,137127.85168549,,DC
237710029,194,Commerce St & Fayette St,31045,38.805648,-77.05293,YES,NO,,,NO,1,14,395402.57471448,126432.8897394,,
237710030,195,Henry St & Pendleton St,31046,38.811456,-77.050276,YES,NO,,,NO,7,9,395633.45246838,127077.48415181,,
237710031,196,Braddock Rd Metro,31047,38.814577,-77.052808,YES,NO,,,NO,3,25,395413.7448307,127424.05927501,,
237710032,197,King St Metro South,31048,38.805767,-77.06072,YES,NO,,,NO,13,9,394725.95516096,126446.52067087,,
237710033,198,24th & N St NW,31255,38.9066,-77.05152,YES,NO,,,NO,10,5,395531.3698104,137639.21579131,,DC
237710034,199,10th & E St NW,31256,38.895914,-77.026064,YES,NO,,,NO,11,3,397738.97843831,136452.04567026,,DC
237710035,200,22nd & I St NW / Foggy Bottom,31257,38.90088,-77.048911,YES,NO,,,NO,8,7,395757.32337487,137004.12512577,,DC
237710036,201,Utah St & 11th St N,31049,38.883669,-77.113905,YES,NO,,,NO,3,8,390117.18065021,135098.59783356,,
237710037,202,Barton St & 10th St N,31050,38.884961,-77.08777,YES,NO,,,NO,5,6,392384.88706428,135239.51496366,,
237710038,203,Arlington Blvd & N Queen St,31051,38.889365,-77.077294,YES,NO,,,NO,5,6,393294.22093326,135727.57124359,,
237710039,204,Lincoln Memorial,31258,38.888251,-77.049426,YES,NO,,,NO,12,13,395711.89180633,135602.23051407,,DC
237710040,206,20th St & Virginia Ave NW,31259,38.894722,-77.045128,YES,NO,,,NO,7,8,396085.13339566,136320.36909798,,DC
237710041,207,5th St & Massachusetts Ave NW,31265,38.90093,-77.018677,YES,NO,,,NO,6,11,398379.90597158,137008.70467648,,DC
237710042,208,39th & Veazey St NW,31308,38.943837,-77.077078,YES,NO,,,NO,5,9,393318.06595366,141774.40034915,,DC
237710043,209,Fessenden St & Wisconsin Ave NW,31309,38.954812,-77.082426,YES,NO,,,NO,8,7,392855.54507199,142993.1290753,,DC
237710044,210,3rd & M St NE,31627,38.90547,-77.00213,YES,NO,,,NO,21,2,399815.24973606,137512.51778395,,DC
237710045,211,Columbia Pike & S Courthouse Rd,31053,38.863833,-77.080319,YES,NO,,,NO,1,14,393029.28804682,132893.55385171,,
237710046,212,Walter Reed Community Center / Walter Reed Dr & 16th St S,31054,38.857803,-77.086733,YES,NO,,,NO,9,2,392471.99507726,132224.68968124,,
237710047,213,28th St S & S Meade St,31055,38.846222,-77.069275,YES,NO,,,NO,8,6,393986.28914822,130937.82204983,,
237710048,214,18th St & Wyoming Ave NW,31114,38.918809,-77.041571,YES,NO,,,NO,6,16,396394.92173743,138994.07565048,,DC
237710049,215,5th & Kennedy St NW,31403,38.956556,-77.019814,YES,NO,,,NO,11,4,398282.61975004,143183.69002703,,DC
237710050,216,Georgia Ave & Emerson St NW,31405,38.949662,-77.027333,YES,NO,,,NO,11,8,397630.68061866,142418.56148209,,DC
237710051,217,14th & Upshur St NW,31406,38.942016,-77.032652,YES,NO,,,NO,2,17,397169.30765214,141569.93848837,,DC
237710052,218,14th St & Colorado Ave NW,31407,38.956432,-77.032947,YES,NO,,,NO,10,9,397144.31085359,143170.25383441,,DC
237710053,219,S Troy St & 26th St S,31056,38.847977,-77.075104,YES,NO,,,NO,3,8,393480.43841302,131133.03943473,,
237710054,220,S Four Mile Run Dr & S Shirlington Rd,31057,38.8444,-77.085931,YES,NO,,,NO,4,7,392540.20426708,130736.796557,,
237710055,221,S Oakland St & Columbia Pike,31058,38.860789,-77.09586,YES,NO,,,NO,9,2,391680.16396318,132556.94935025,,
237710056,222,S Four Mile Run & Walter Reed Dr,31059,38.84736,-77.095431,YES,NO,,,NO,7,4,391715.83915544,131066.19628707,,
237710057,223,S Arlington Mill Dr & Campbell Ave,31060,38.84232,-77.089555,YES,NO,,,NO,8,7,392225.37311813,130506.2046103,,
237710058,224,S Kenmore & 24th St S,31061,38.848454,-77.084918,YES,NO,,,NO,6,5,392628.5628703,131186.73644678,,
237710059,225,13th St & Eastern Ave,32006,38.987,-77.029417,YES,NO,,,NO,7,8,397451.3679179,146563.48846577,,
237710060,226,Wisconsin Ave & O St NW,31312,38.90849,-77.063586,YES,NO,,,NO,10,9,394484.96152307,137849.68097811,,DC
237710061,227,Roosevelt Island,31062,38.896553,-77.06714,YES,NO,,,NO,6,7,394175.73602395,136524.79875716,,
237710062,228,Connecticut & Nebraska Ave NW,31310,38.955016,-77.069956,YES,NO,,,NO,7,16,393936.42688566,143014.87282821,,DC
237710063,229,17th St & Massachusetts Ave NW,31267,38.908142,-77.038359,YES,NO,,,NO,2,17,396672.97197532,137809.82841168,,DC
237710064,230,15th & Euclid St  NW,31117,38.92333,-77.0352,YES,NO,,,NO,3,12,396947.614649,139495.71246314,,DC
237710065,231,8th & East Capitol St NE,31629,38.889988,-76.995193,YES,NO,,,NO,2,9,400417.03628136,135793.90119809,,DC
237710066,232,New Jersey Ave & R St NW,31509,38.912659,-77.017669,YES,NO,,,NO,7,7,398467.59465205,138310.70186081,,DC
237710067,233,15th & East Capitol St NE,31630,38.889908,-76.983326,YES,NO,,,NO,1,10,401446.57181554,135785.14170208,,DC
237710068,234,8th & F St NE,31631,38.897274,-76.994749,YES,NO,,,NO,3,11,400455.50943968,136602.70680593,,DC
237710069,235,18th St & Rhode Island Ave NE,31510,38.927095,-76.978924,YES,NO,,,NO,0,15,401827.51926549,139913.2820472,,DC
237710070,236,15th & F St NE,31632,38.897195,-76.983575,YES,NO,,,NO,14,4,401424.82399465,136594.05225642,,DC
237710071,237,12th & Irving St NE,31511,38.928644,-76.990955,YES,NO,,,NO,1,13,400784.28320356,140085.0622346,,DC
237710072,239,Alabama & MLK Ave SE,31800,38.84323,-76.999376,YES,NO,,,NO,7,4,400054.17124801,130603.40760852,,DC
237710073,240,Pleasant St & MLK Ave SE,31807,38.863897,-76.990037,YES,NO,,,NO,0,11,400864.66651397,132897.63895866,,DC
237710074,241,Neal St & Trinidad Ave NE,31512,38.903732,-76.987211,YES,NO,,,NO,7,8,401109.30924373,137319.66124122,,DC
237710075,242,12th & U St NW,31268,38.916787,-77.028139,YES,NO,,,NO,14,15,397559.68883751,138769.17197864,,DC
237710076,243,S George Mason Dr & Four Mile Run,31063,38.852248,-77.105022,YES,NO,,,NO,8,2,390883.88955688,131609.71253131,,
237710077,244,Gravelly Point,31064,38.865029,-77.039511,YES,NO,,,NO,6,7,396570.98306025,133023.9941377,,
237710078,245,N Pershing Dr & Wayne St,31065,38.880705,-77.08596,YES,NO,,,NO,5,6,392541.48161705,134766.91705858,,
237710079,246,Columbia Pike & S Orme St,31066,38.867262,-77.072315,YES,NO,,,NO,6,4,393724.23923893,133273.6172133,,
237710080,247,3rd St & Pennsylvania Ave SE,31269,38.887378,-77.001955,YES,NO,,,NO,10,4,399830.38573816,135504.16169424,,DC
237710081,248,8th & D St NW,31270,38.894851,-77.02324,YES,NO,,,NO,15,0,397983.92709424,136333.97809506,,DC
237710082,249,3rd & Elm St NW,31118,38.917622,-77.01597,YES,NO,,,NO,6,9,398615.04270249,138861.60900002,,DC
237710083,250,Rhode Island Ave & V St NE,31513,38.918155,-77.004746,YES,NO,,,NO,4,15,399588.4183945,138920.6660217,,DC
237710084,251,Constitution Ave & 2nd St NW/DOL,31271,38.892275,-77.013917,YES,NO,,,NO,1,25,398792.6549073,136047.85718073,,DC
237710085,252,Washington & Independence Ave SW/HHS,31272,38.886978,-77.013769,YES,NO,,,NO,21,8,398805.40570038,135459.84686256,,DC
237710086,253,Independence Ave & L'Enfant Plaza SW/DOE,31633,38.887312,-77.025762,YES,NO,,,NO,6,9,397764.90711108,135497.14874174,,DC
237710087,254,Hamlin & 7th St NE,31514,38.927497,-76.997194,YES,NO,,,NO,5,9,400243.30946072,139957.7002703,,DC
237710088,255,Columbia Pike & S Walter Reed Dr,31067,38.862478,-77.086599,YES,NO,,,NO,3,8,392484.11792553,132743.63730167,,
237710089,256,Columbia Pike & S Dinwiddie St / Arlington Mill Community Center,31068,38.856319,-77.11153,YES,NO,,,NO,9,5,390319.53509636,132062.29229881,,
237710090,257,Pershing & N George Mason Dr,31069,38.871822,-77.107906,YES,NO,,,NO,3,7,390636.1213437,133782.8595827,,
237710091,258,Fenton St & New York Ave,32001,38.985404,-77.023082,YES,NO,,,NO,9,6,398000.17527578,146386.15892257,,
237710092,259,Bethesda Ave & Arlington Rd,32002,38.981103,-77.097426,YES,NO,,,NO,2,17,391558.50228853,145912.95751583,,
237710093,260,Montgomery Ave & Waverly St,32003,38.983838,-77.09221,YES,NO,,,NO,4,7,392010.75030162,146216.09966891,,
237710094,261,Fallsgrove Blvd & Fallsgrove Dr,32004,39.096312,-77.192672,YES,NO,,,NO,12,7,383332.89363763,158715.52157619,,
237710095,262,Traville Gateway Dr & Gudelsky Dr,32005,39.093783,-77.202501,YES,NO,,,NO,11,8,382482.01381244,158436.61187288,,
237710096,263,Norfolk Ave & Fairmont St,32000,38.988562,-77.096539,YES,NO,,,NO,10,1,391636.2322207,146740.89768535,,
237710097,264,E Montgomery Ave & Maryland Ave,32007,39.084125,-77.151291,YES,NO,,,NO,11,4,386910.31438669,157355.87132814,,
237710098,265,Cordell & Norfolk Ave,32008,38.98954,-77.098029,YES,NO,,,NO,8,3,391507.26098283,146849.60289105,,
237710099,267,Philadelphia & Maple Ave,32010,38.98128,-77.011336,YES,NO,,,NO,8,7,399017.79198301,145928.16270611,,
237710100,268,Maple & Ritchie Ave,32011,38.983627,-77.006311,YES,NO,,,NO,17,2,399453.20125046,146188.66055368,,
237710101,269,Silver Spring Metro/Colesville Rd & Wayne Ave,32012,38.99521,-77.02918,YES,NO,,,NO,10,8,397472.19246231,147474.87366525,,
237710102,270,Montgomery & East Ln,32013,38.983525,-77.095367,YES,NO,,,NO,3,8,391737.18561936,146181.63464028,,
237710103,271,Friendship Hts Metro/Wisconsin Ave & Wisconsin Cir,32014,38.961763,-77.085998,YES,NO,,,NO,4,15,392546.66110808,143765.03951761,,
237710104,272,14th & Belmont St NW,31119,38.921074,-77.031887,YES,NO,,,NO,3,11,397234.815588,139245.17181709,,DC
237710105,273,3rd & Tingey St SE,31634,38.87501,-77.0024,YES,NO,,,NO,11,8,399791.74179325,134131.220022,,DC
237710106,274,10th & Florida Ave NW,31120,38.920387,-77.025672,YES,NO,,,NO,4,15,397773.74796634,139168.73911509,,DC
237710107,275,Potomac Ave & 8th St SE,31635,38.876737,-76.994468,YES,NO,,,NO,3,12,400480.02354886,134322.94186107,,DC
237710108,276,Crabbs Branch Way & Redland Rd,32015,39.120045,-77.156985,YES,NO,,,NO,10,5,386424.52768958,161344.27440776,,
237710109,277,Fallsgrove Dr & W Montgomery Ave,32016,39.099376,-77.188014,YES,NO,,,NO,11,4,383736.53425668,159054.82333901,,
237710110,278,Monroe St & Monroe Pl,32017,39.083673,-77.149162,YES,NO,,,NO,5,10,387094.43314867,157305.3907351,,
237710111,279,Needwood Rd & Eagles Head Ct,32018,39.123513,-77.15741,YES,NO,,,NO,13,1,386388.43917458,161729.3311025,,
237710112,280,East West Hwy & Blair Mill Rd,32019,38.990249,-77.02935,YES,NO,,,NO,6,9,397457.28862708,146924.15777926,,
237710753,281,Crabbs Branch Way & Calhoun Pl,32020,39.107709,-77.152072,YES,NO,,,NO,3,12,386847.10375582,159974.10023058,,
237710754,282,47th & Elm St,32021,38.982456,-77.091991,YES,NO,,,NO,4,11,392029.57027544,146062.66507911,,
237710755,283,Dennis & Amherst Ave,32022,39.025387,-77.044563,YES,NO,,,NO,7,7,396141.22801173,150825.37283059,,
237710756,284,Montgomery College/W Campus Dr & Mannakee St,32023,39.095661,-77.159048,YES,NO,,,NO,10,11,386241.41121024,158637.64923132,,
237710757,285,Fenton St & Gist Ave,32024,38.989724,-77.023854,YES,NO,,,NO,5,6,397933.4145005,146865.73881136,,
237710758,286,Carroll & Westmoreland Ave,32025,38.975,-77.01121,YES,NO,,,NO,6,9,399028.62364911,145231.02061742,,
237710759,287,Carroll & Ethan Allen Ave,32026,38.977933,-77.006472,YES,NO,,,NO,10,5,399439.20704805,145556.57211519,,
237710760,288,Battery Ln & Trolley Trail,32027,38.992375,-77.100104,YES,NO,,,NO,6,8,391327.8386053,147164.51103503,,
237710761,289,Norfolk & Rugby Ave,32028,38.990639,-77.100239,YES,NO,,,NO,7,4,391315.93174708,146971.81066443,,
237710762,290,Offutt Ln & Chevy Chase Dr,32029,38.977093,-77.094589,YES,NO,,,NO,4,7,391803.8534602,145467.55036065,,
237710763,291,Broschart & Blackwell Rd,32030,39.102099,-77.200322,YES,NO,,,NO,6,9,382672.5405711,159359.37466242,,
237710764,292,Taft St & E Gude Dr,32031,39.094103,-77.132954,YES,NO,,,NO,9,6,388498.44225283,158461.08173,,
237710765,293,Fleet St & Ritchie Pkwy,32032,39.076331,-77.141378,YES,NO,,,NO,10,5,387766.64569552,156489.26883494,,
237710766,294,Piccard & W Gude Dr,32033,39.102212,-77.177091,YES,NO,,,NO,9,10,384681.99807835,159367.76528288,,
237710767,295,Ripley & Bonifant St,32034,38.992679,-77.029457,YES,NO,,,NO,1,14,397448.10582111,147193.91499269,,
237710768,296,Georgia Ave & Spring St,32035,38.999388,-77.031555,YES,NO,,,NO,5,6,397266.61108519,147938.74232081,,
237710769,297,Fenton St & Ellsworth Dr,32036,38.997033,-77.025608,YES,NO,,,NO,9,5,397781.68474404,147677.15218341,,
237710770,298,King Farm Blvd & Pleasant Dr,32037,39.114688,-77.171487,YES,NO,,,NO,13,4,385169.33354228,160751.83427443,,
237710771,299,King Farm Blvd & Piccard Dr,32038,39.110314,-77.182669,YES,NO,,,NO,6,8,384201.31311065,160268.14020717,,
237710772,301,Calvert St & Woodley Pl NW,31121,38.923583,-77.050046,YES,NO,,,NO,2,15,395660.25194765,139524.3986898,,DC
237710773,302,New Jersey Ave & N St NW/Dunbar HS,31636,38.90706,-77.015231,YES,NO,,,NO,0,18,398678.93496158,137689.1287794,,DC
237710774,303,Nannie Helen Burroughs Ave & 49th St NE,31710,38.898536,-76.931862,YES,NO,,,NO,5,5,405910.67420774,136744.99164114,,DC
237710775,304,Deanwood Rec Center,31711,38.908473,-76.933099,YES,NO,,,NO,5,10,405802.5614741,137847.99932996,,DC
237710776,305,Hains Point/Buckeye & Ohio Dr SW,31273,38.878433,-77.03023,YES,NO,,,NO,8,8,397376.94021436,134511.63048068,,DC
237710777,306,Arlington Blvd & Fillmore St,31070,38.873755,-77.089233,YES,NO,,,NO,8,3,392256.73815346,133995.68730513,,
237710778,307,Eads St & 12th St S,31071,38.862753,-77.05428,YES,NO,,,NO,10,7,395289.08481316,132771.99996419,,
237710779,308,Old Georgetown Rd & Southwick St,32039,38.999634,-77.109647,YES,NO,,,NO,5,14,390502.08229336,147971.28240078,,
237710780,309,Friendship Blvd & Willard Ave,32040,38.96115,-77.088659,YES,NO,,,NO,8,11,392315.96955553,143697.21146898,,
237710781,310,North Capitol St & G Pl NE,31637,38.899703,-77.008911,YES,NO,,,NO,0,19,399227.02220444,136872.3698297,,DC
237710782,311,31st & Woodrow St S,31072,38.837666,-77.09482,YES,NO,,,NO,10,1,391767.76100852,129990.04042841,,
237710783,312,Washington Blvd & Walter Reed Dr,31073,38.873219,-77.082104,YES,NO,,,NO,6,9,392875.30889503,133935.6067688,,
237710784,313,TJ Cmty Ctr / 2nd St & S Old Glebe Rd,31074,38.869418,-77.095596,YES,NO,,,NO,7,8,391704.07999902,133514.80715931,,
237710785,314,Connecticut Ave & Tilden St NW,31313,38.941154,-77.062036,YES,NO,,,NO,5,10,394621.86255124,141475.56998399,,DC
237710786,315,Medical Center Dr & Key West Ave,32041,39.103091,-77.196442,YES,NO,,,NO,4,11,383008.38939989,159468.76971438,,
237710787,316,Shady Grove Hospital,32042,39.097636,-77.196636,YES,NO,,,NO,7,12,382990.30463098,158863.23308023,,
237710788,317,Veterans Pl & Pershing Dr,32043,38.997445,-77.023894,YES,NO,,,NO,5,6,397930.17345122,147722.84809045,,
237710789,318,Rockville Metro East,32044,39.085394,-77.145803,YES,NO,,,NO,8,5,387385.36031083,157495.97307419,,
237710790,319,1st & H St NW,31638,38.900358,-77.012108,YES,NO,,,NO,5,10,398949.71056005,136945.11200625,,DC
237710791,320,Fort Totten Metro,31515,38.952369,-77.002721,YES,NO,,,NO,16,2,399764.14322203,142718.71185822,,DC
237710792,321,Takoma Metro,31408,38.975219,-77.016855,YES,NO,,,NO,4,13,398539.47386044,145255.40691126,,DC
237710793,322,Rhode Island Ave Metro,31516,38.920682,-76.995876,YES,NO,,,NO,3,16,400357.62798091,139201.18164889,,DC
237710794,323,Rolfe St & 9th St S,31075,38.866471,-77.076131,YES,NO,,,NO,8,3,393392.99961931,133186.07966769,,
237710795,324,Shirlington Transit Center / S Quincy & Randolph St,31076,38.839912,-77.087083,YES,NO,,,NO,8,7,392439.72224526,130238.69248395,,
237710796,325,Shady Grove Metro West,32045,39.119765,-77.166093,YES,NO,,,NO,9,10,385636.84639948,161314.58449914,,
237710797,326,River Rd & Landy Ln,32046,38.964992,-77.103381,YES,NO,,,NO,12,7,391040.50480235,144125.05115003,,
237710798,327,Rockville Metro West,32047,39.084379,-77.146866,YES,NO,,,NO,6,13,387293.21007282,157383.44319069,,
237710799,328,Bethesda Metro,32048,38.984691,-77.094537,YES,NO,,,NO,4,8,391809.23272994,146310.99720784,,
237710800,329,Iwo Jima Memorial/N Meade & 14th St N,31077,38.88992,-77.071301,YES,NO,,,NO,6,13,393814.20236548,135788.75739915,,
237710801,330,34th & Water St NW,31314,38.903663,-77.067668,YES,NO,,,NO,2,16,394130.51811026,137314.0993687,,DC
237710802,331,Duke St & John Carlyle St,31081,38.804378,-77.060866,YES,NO,,,NO,8,7,394713.17102609,126292.34142583,,
237710803,332,Lee Hwy & N Cleveland St,31079,38.894941,-77.09169,YES,NO,,,NO,4,11,392045.89232185,136347.70672975,,
237710804,333,Arlington Blvd & S George Mason Dr/NFATC,31078,38.869442,-77.104503,YES,NO,,,NO,3,12,390931.12467668,133518.31847561,,
237710805,334,10th & G St NW,31274,38.898243,-77.026235,YES,NO,,,NO,16,3,397724.21868838,136710.587443,,DC
237710806,335,Lee Hwy & N Scott St,31080,38.897612,-77.080851,YES,NO,,,NO,5,9,392986.43793208,136643.32022975,,
237710807,336,New Hampshire Ave & 24th St NW,31275,38.901755,-77.051084,YES,NO,,,NO,3,14,395568.88566438,137101.36038208,,DC
237710808,337,Eisenhower Ave & Mill Race Ln,31082,38.801111,-77.068952,YES,NO,,,NO,8,7,394010.54617838,125930.1835293,,
237710809,338,Potomac Greens Dr & Slaters Ln,31083,38.82175,-77.047494,YES,NO,,,NO,7,3,395875.6679074,128220.0552696,,
237710810,339,Ballenger Ave & Dulaney St,31084,38.802677,-77.063562,YES,NO,,,NO,4,15,394478.86466732,126103.67942378,,
237710811,340,Mount Vernon Ave & E Nelson Ave,31085,38.820064,-77.057619,YES,NO,,,NO,3,8,394996.30487652,128033.40446264,,
237710812,341,Mount Vernon Ave & E Del Ray Ave,31086,38.82595,-77.058541,YES,NO,,,NO,6,9,394916.65642773,128686.84003154,,
237710813,342,Monroe Ave & Leslie Ave,31087,38.820932,-77.053096,YES,NO,,,NO,6,9,395389.14299363,128129.51994126,,
237710814,343,Mount Vernon Ave & Kennedy St,31088,38.833077,-77.059821,YES,NO,,,NO,3,12,394806.02748043,129478.05665833,,
237710815,344,Court House Metro / 15th & N Uhle St,31089,38.890612,-77.084801,YES,NO,,,NO,9,11,392643.06650429,135866.57615407,,
237710816,345,Washington Adventist U / Flower Ave & Division St,32049,38.986743,-77.000035,YES,NO,,,NO,5,10,399996.96765659,146534.54829125,,
237710817,346,Long Bridge Dr & 6th St S,31090,38.865553,-77.05003,YES,NO,,,NO,1,14,395658.10901485,133082.6096937,,
237710818,347,McKinley St & Connecticut Ave NW,31315,38.964544,-77.075135,YES,NO,,,NO,11,8,393488.39756667,144072.9254812,,DC
237710819,348,15th & L St NW,31276,38.90366,-77.034846,YES,NO,,,NO,8,14,396977.47844927,137312.16782257,,DC
237710820,349,17th & G St NW,31277,38.89841,-77.039624,YES,NO,,,NO,15,15,396562.78460078,136729.54472867,,DC
237710821,350,Spring St & Second Ave,32050,38.997653,-77.034499,YES,NO,,,NO,9,6,397011.52018405,147746.23200566,,
237710822,351,18th & R St NW,31278,38.912648,-77.041834,YES,NO,,,NO,5,14,396371.80070351,138310.16380231,,DC
237710823,352,S Joyce & 16th St S,31091,38.859254,-77.063275,YES,NO,,,NO,11,4,394508.14728183,132384.08827775,,
237710824,353,Union Market/6th St & Neal Pl NE,31517,38.908387,-76.996869,YES,NO,,,NO,10,9,400271.56310823,137836.33107236,,DC
237710825,354,Lee Hwy & N Monroe St,31092,38.896456,-77.104562,YES,NO,,,NO,2,12,390929.4393853,136517.08391716,,
237710826,355,21st St N & N Pierce St,31093,38.898984,-77.078317,YES,NO,,,NO,3,12,393206.38482175,136795.43149257,,
237710827,356,Lee Hwy & N Kirkwood Rd,31094,38.895377,-77.09713,YES,NO,,,NO,8,6,391574.02398088,136396.59421225,,
237710828,357,19th & G St NW,31279,38.898412,-77.043182,YES,NO,,,NO,1,22,396254.14318763,136729.90672594,,DC
237710829,358,2nd St & Seaton Pl NE,31522,38.914751,-77.00356,YES,NO,,,NO,3,16,399691.25569893,138542.7889275,,DC
237710830,359,Wilson Blvd & N Illinois St,31902,38.876528,-77.12712,YES,NO,,,NO,5,9,388969.49519692,134307.40677263,,
237710831,364,Army Navy Dr & S Nash St,31095,38.86215,-77.068121,YES,NO,,,NO,0,10,394087.78640669,132705.86791113,,
237710832,365,31st & Water St NW,31293,38.902814,-77.061043,YES,NO,,,NO,19,0,394705.10354113,137219.4484204,,DC
237710833,367,11th & S St NW,31280,38.913761,-77.027025,YES,NO,,,NO,3,20,397656.19931508,138433.23161638,,DC
237710834,368,S Walter Reed Dr & 8th St S,31096,38.86612,-77.08787,YES,NO,,,NO,14,1,392374.19768093,133148.03121274,,
237710835,369,2nd & G St NE,31639,38.89967,-77.003666,YES,NO,,,NO,14,9,399681.99552091,136868.67522408,,DC
237710836,370,8th & O St NW,31281,38.90864,-77.02277,YES,NO,,,NO,15,2,398025.08145063,137864.65778749,,DC
237710837,371,Georgia & Missouri Ave NW,31411,38.961339,-77.027855,YES,NO,,,NO,9,7,397585.82737487,143714.82919728,,DC
237710838,373,Oklahoma Ave & D St NE,31712,38.894474,-76.974828,YES,NO,,,NO,14,5,402183.685683,136292.1725555,,DC
237710839,374,Maryland Ave & E St NE,31640,38.896134,-76.9929,YES,NO,,,NO,12,6,400615.91481674,136476.16859309,,DC
237710840,375,New York Ave & Hecht Ave NE,31518,38.915604,-76.983683,YES,NO,,,NO,8,14,401415.09002301,138637.59947305,,DC
237710841,376,Yuma St & Tenley Circle NW,31316,38.946182,-77.08059,YES,NO,,,NO,8,11,393013.83863539,142034.97914405,,DC
237710842,377,Connecticut Ave & Chevy Chase Lake Dr,32051,38.994113,-77.076986,YES,NO,,,NO,7,8,393330.74818065,147355.50381716,,
237710843,378,Key West Ave & Siesta Key Way,32052,39.105295,-77.194774,YES,NO,,,NO,4,11,383153.18792963,159713.13218025,,
237710844,379,Lee Hwy & N Woodstock St,31900,38.898301,-77.118009,YES,NO,,,NO,2,16,389763.20231192,136723.31546751,,
237710845,380,Saint Asaph & Madison St,31097,38.812718,-77.044097,YES,NO,,,NO,6,9,396170.17569938,127217.29681658,,
237710846,381,King St Metro North / Cameron St,31098,38.80704,-77.059817,YES,NO,,,NO,9,6,394804.48092072,126587.77988315,,
237710847,382,Madison & N Henry St,31099,38.813485,-77.049468,YES,NO,,,NO,7,8,395703.75054801,127302.6777771,,
237710848,383,Medical Center Metro,32053,38.999378,-77.097882,YES,NO,,,NO,10,9,391521.16731482,147941.70542165,,
237710849,384,Washington Blvd & N Frederick St,31901,38.884829,-77.127671,YES,NO,,,NO,5,6,388922.97236949,135228.94699865,,
237710850,385,Wisconsin Ave & Ingomar St NW,31317,38.958267,-77.084636,YES,NO,,,NO,5,14,392664.34410016,143376.84095484,,DC
237710851,386,16th & Irving St NW,31122,38.928893,-77.03625,YES,NO,,,NO,1,17,396856.808607,140113.28859173,,DC
237710852,387,16th & R St NW,31282,38.912652,-77.036278,YES,NO,,,NO,5,14,396853.66429606,138310.40167951,,DC
237710853,388,Lyttonsville Rd & Lyttonsville Pl,32054,38.999679,-77.051168,YES,NO,,,NO,7,8,395567.69234355,147971.8160368,,
237710854,389,Woodmont Ave & Strathmore St,32055,38.979875,-77.093522,YES,NO,,,NO,5,6,391896.62547178,145776.283872,,
237710855,390,14th & L St NW,31283,38.903658,-77.031737,YES,NO,,,NO,11,7,397247.15119261,137311.8474609,,DC
237710856,391,1st & O St NW,31519,38.908643,-77.012365,YES,NO,,,NO,4,11,398927.54207227,137864.81714313,,DC
237710857,392,South Capitol & Atlantic St SW,31811,38.831516,-77.008133,YES,NO,,,NO,4,14,399293.83485771,129303.10478708,,DC
237710858,393,18th & C St NW,31284,38.893511,-77.041544,YES,NO,,,NO,7,12,396395.98519699,136185.79095053,,DC
237710859,394,22nd & P ST NW,31285,38.909394,-77.048728,YES,NO,,,NO,12,7,395773.70179205,137949.23962405,,DC
237710860,395,East West Hwy & 16th St,32056,38.995681,-77.038721,YES,NO,,,NO,7,12,396645.69611866,147527.46678748,,
237710861,396,Royal & Wilkes St,31903,38.799267,-77.0447,YES,NO,,,NO,4,10,396117.07402725,125724.17677004,,
237710862,397,14th & Girard St NW,31123,38.925284,-77.032375,YES,NO,,,NO,0,22,397192.66283204,139712.53240828,,DC
237710863,398,Potomac Ave & Main Line Blvd,31910,38.822738,-77.049265,YES,NO,,,NO,1,18,395721.93521693,128329.81125103,,
237710864,399,11th & O St NW,31286,38.90843,-77.02714,YES,NO,,,NO,11,7,397646.04975824,137841.44968105,,DC
237710865,400,10th St & L'Enfant Plaza SW,31287,38.884323,-77.02601,YES,NO,,,NO,5,17,397743.29626981,135165.35272935,,DC
237710866,401,Connecticut Ave & Yuma St NW,31318,38.947156,-77.065115,YES,NO,,,NO,17,2,394355.40758835,142142.03129017,,DC
237710867,402,2nd St & Massachusetts Ave NE,31641,38.894972,-77.003135,YES,NO,,,NO,20,0,399728.03881641,136347.15809919,,DC
237710868,403,Radford & Osage St,31908,38.828437,-77.086031,YES,NO,,,NO,4,18,392529.85317524,128964.8036433,,
237710869,404,East Falls Church Metro/Sycamore St & 19th St N,31904,38.884859,-77.155988,YES,NO,,,NO,14,5,386466.13262254,135236.09428263,,
237710870,405,Kennebec St & 11th St N,31905,38.880992,-77.135271,YES,NO,,,NO,7,7,388262.94832495,134803.96063251,,
237710871,406,Commonwealth Ave & Oak St,31906,38.812711,-77.061715,YES,NO,,,NO,9,9,394640.05213358,127217.4065506,,
237710872,407,Commonwealth & E Monroe Ave,31913,38.820058,-77.062821,YES,NO,,,NO,8,7,394544.55728453,128033.03642625,,
237710873,408,4th St & Madison Dr NW,31288,38.890493,-77.017253,YES,NO,,,NO,1,29,398503.20865538,135850.09061145,,DC
237710874,409,Henry Bacon Dr & Lincoln Memorial Circle NW,31289,38.890544,-77.049379,YES,NO,,,NO,6,12,395716.10712295,135856.76917174,,DC
237710875,410,17th St & Independence Ave SW,31290,38.888097,-77.038325,YES,NO,,,NO,2,17,396674.98675895,135584.67242635,,DC
237710876,411,Franklin & S Washington St,31907,38.798133,-77.0487,YES,NO,,,NO,9,10,395769.54149325,125598.47353608,,
237710877,412,Mount Vernon Ave & Four Mile Run Park,31909,38.843422,-77.064016,YES,NO,,,NO,12,3,394442.60095851,130626.66931776,,
237710878,413,New Jersey Ave & L St NW,31642,38.903598,-77.01397,YES,NO,,,NO,8,15,398788.24933635,137304.80117123,,DC
237710879,414,Mount Vernon Ave & Bruce St,31912,38.841291,-77.063093,YES,NO,,,NO,3,10,394522.56553515,130390.05783003,,
237710880,415,Lee Center,31914,38.797557,-77.053766,YES,NO,,,NO,9,6,395329.43195741,125534.78097568,,
237710881,416,Powhatan St & Bashford Ln,31915,38.818748,-77.047783,YES,NO,,,NO,5,5,395850.39700673,127886.82678479,,
237710882,417,Potomac & Swann Ave,31916,38.829545,-77.047844,YES,NO,,,NO,7,11,395845.72775465,129085.36771264,,
237710883,418,14th & Irving St NW,31124,38.928552,-77.032224,YES,NO,,,NO,24,7,397205.88456877,140075.30373809,,DC
237710884,419,Vermont Ave & I St NW,31291,38.901136,-77.034451,YES,NO,,,NO,13,12,397011.63477773,137031.97048551,,DC
237710885,420,Wisconsin Ave & Brandywine St NW,31319,38.949813,-77.080217,YES,NO,,,NO,16,8,393046.52732614,142438.02422189,,DC
237710886,421,24th & R St NE / National Arboretum,31520,38.91263,-76.971923,YES,NO,,,NO,9,9,402435.07623743,138307.70879166,,DC
237710887,422,Division Ave & Foote St NE,31713,38.897407,-76.925907,YES,NO,,,NO,6,9,406427.34608733,136620.06609604,,DC
237710888,423,16th & Q St SE / Anacostia HS,31812,38.870695,-76.982359,YES,NO,,,NO,13,10,401530.8771481,133652.36788743,,DC
237710889,424,Spring Hill Metro,32200,38.929261,-77.240654,YES,NO,,,NO,4,10,379133.32906395,140181.01997978,,
237710890,425,Westpark Dr & Leesburg Pike,32201,38.92403,-77.235955,YES,NO,,,NO,6,5,379539.26898978,139599.2725456,,
237710891,427,Tysons One Pl & Chain Bridge Rd,32203,38.919475,-77.221179,YES,NO,,,NO,3,8,380819.33544907,139090.42242219,,
237710892,428,Tysons Corner Station,32204,38.920939,-77.222115,YES,NO,,,NO,2,8,380738.56101699,139253.13535423,,
237710893,429,Westpark & Jones Branch Dr,32205,38.924437,-77.217664,YES,NO,,,NO,9,2,381125.46936865,139640.51216859,,
237710894,430,Jones Branch & Westbranch Dr,32206,38.931911,-77.219261,YES,NO,,,NO,11,0,380988.98002738,140470.51937627,,
237710895,431,Westpark & Park Run Dr,32207,38.928919,-77.225394,YES,NO,,,NO,6,5,380456.39941172,140139.67762131,,
237710896,432,Tysons West Transit Center,32208,38.932636,-77.231825,YES,NO,,,NO,6,5,379899.82535415,140553.69184941,,
237710897,433,North Shore & Cameron Crescent Dr/Crescent Apartments,32209,38.970046,-77.338686,YES,NO,,,NO,5,5,370649.98316139,144735.46493428,,
237710898,434,Town Center Pkwy & Bowman Towne Dr,32210,38.962524,-77.361902,YES,NO,,,NO,2,13,368634.8195974,143908.17868719,,
237710899,435,Reston Regional Library,32211,38.962095,-77.358815,YES,NO,,,NO,7,8,368902.1739327,143859.49993933,,
237710900,436,New Dominion Pkwy & Fountain Dr,32212,38.960574,-77.356324,YES,NO,,,NO,7,8,369117.40410412,143689.81045718,,
237710901,437,Sunset Hills & Old Reston Ave,32213,38.955079,-77.351649,YES,NO,,,NO,11,4,369520.23453313,143078.24814447,,
237710902,438,Reston Town Center Transit Station,32214,38.957037,-77.359718,YES,NO,,,NO,7,10,368821.70051475,143298.32745781,,
237710903,1,Eads St & 15th St S,31000,38.858971,-77.05323,YES,NO,,,NO,9,6,395379.96861159,132352.11690319,,
237710904,2,18th & Eads St.,31001,38.85725,-77.05332,YES,NO,,,NO,4,5,395372.04558977,132161.07808121,,
237710905,3,Crystal Dr & 20th St S,31002,38.856425,-77.049232,YES,NO,,,NO,0,17,395726.81757513,132069.29786306,,
237710906,4,Crystal Dr & 15th St S,31003,38.86017,-77.049593,YES,NO,,,NO,4,5,395695.7097594,132485.03678691,,
237710907,5,Aurora Hills Community Ctr/18th & Hayes St,31004,38.857866,-77.05949,YES,NO,,,NO,4,7,394836.55986472,132229.789395,,
237710908,6,Pentagon City Metro / 12th & S Hayes St,31005,38.862303,-77.059936,YES,NO,,,NO,10,9,394798.17263784,132722.3537753,,
237710909,7,S Joyce & Army Navy Dr,31006,38.8637,-77.0633,YES,NO,,,NO,11,3,394506.31966949,132877.62800884,,
237710910,8,Crystal City Metro / 18th & Bell St,31007,38.857405,-77.051132,YES,NO,,,NO,7,11,395561.96451388,132178.17554745,,
237710911,10,Crystal Dr & 27th St S,31009,38.848466,-77.051514,YES,NO,,,NO,5,5,395528.24862718,131185.90171978,,
237710912,11,S Glebe & Potomac Ave,31010,38.8426,-77.0502,YES,NO,,,NO,7,4,395641.95431057,130534.67130912,,
237710913,12,Crystal Dr & 23rd St S,31011,38.8533,-77.0498,YES,NO,,,NO,8,9,395677.32772972,131722.42730273,,
237710914,13,26th & S Clark St,31012,38.850688,-77.05152,YES,NO,,,NO,5,3,395527.86699294,131432.55965392,,
237710915,14,19th St & Pennsylvania Ave NW,31100,38.9003,-77.0429,YES,NO,,,NO,2,12,396278.70399052,136939.47827919,,DC
237710916,15,14th & V St NW,31101,38.9176,-77.0321,YES,NO,,,NO,24,1,397216.20899969,138859.53510936,,DC
237710917,16,11th & Kenyon St NW,31102,38.929464,-77.027822,YES,NO,,,NO,5,22,397587.60905935,140176.41805133,,DC
237710918,17,16th & Harvard St NW,31103,38.926088,-77.036536,YES,NO,,,NO,1,30,396831.8852902,139801.91944918,,DC
237710919,18,Adams Mill & Columbia Rd NW,31104,38.922925,-77.042581,YES,NO,,,NO,2,13,396307.54666751,139451.02670294,,DC
237710920,19,14th & Harvard St NW,31105,38.9268,-77.0322,YES,NO,,,NO,9,10,397207.89698712,139880.81598519,,DC
237710921,20,Calvert & Biltmore St NW,31106,38.923203,-77.047637,YES,NO,,,NO,13,8,395869.12679181,139482.10370448,,DC
237710922,21,Lamont & Mt Pleasant NW,31107,38.9319,-77.0388,YES,NO,,,NO,0,18,396635.84323825,140447.18241804,,DC
237710923,22,4th & M St SW,31108,38.8767,-77.0178,YES,NO,,,NO,16,6,398455.45488951,134318.97061928,,DC
237710924,23,15th & P St NW,31201,38.90985,-77.034438,YES,NO,,,NO,7,8,397013.12734699,137999.29479922,,DC
237710925,24,14th & R St NW,31202,38.912939,-77.032085,YES,NO,,,NO,16,0,397217.32798349,138342.12488813,,DC
237710926,25,14th & Rhode Island Ave NW,31203,38.9086,-77.0323,YES,NO,,,NO,17,5,397198.51101235,137860.46677503,,DC
237710927,26,20th & E St NW,31204,38.8963,-77.045,YES,NO,,,NO,2,12,396096.32377953,136495.53410413,,DC
237710928,27,21st & I St NW,31205,38.9008,-77.047,YES,NO,,,NO,10,24,395923.08426032,136995.15740474,,DC
237710929,28,Georgia & New Hampshire Ave NW,31400,38.936043,-77.024649,YES,NO,,,NO,2,10,397862.93084314,140906.66509731,,DC
237710930,29,14th St & Spring Rd NW,31401,38.9375,-77.0328,YES,NO,,,NO,1,18,397156.2969996,141068.6272297,,DC
237710931,30,John McCormack Dr & Michigan Ave NE,31502,38.9346,-76.9955,YES,NO,,,NO,8,3,400390.15805724,140746.2005855,,DC
237710932,31,5th & K St NW,31600,38.90304,-77.019027,YES,NO,,,NO,18,0,398349.59483465,137242.93793811,,DC
237710933,32,19th & East Capitol St SE,31601,38.8896,-76.9769,YES,NO,,,NO,4,10,402004.07538839,135751.07274551,,DC
237710934,33,Park Rd & Holmead Pl NW,31602,38.9308,-77.0315,YES,NO,,,NO,1,18,397268.74809473,140324.82919203,,DC
237710935,34,Good Hope & Naylor Rd SE,31700,38.860227,-76.966572,YES,NO,,,NO,7,4,402901.2905676,132490.726232,,DC
237710936,35,Connecticut Ave & Newark St NW / Cleveland Park,31305,38.934267,-77.057979,YES,NO,,,NO,6,3,394973.09374685,140710.82140544,,DC
237710937,36,Randle Circle & Minnesota Ave SE,31702,38.878,-76.9607,YES,NO,,,NO,5,6,403410.08514111,134463.86390983,,DC
237710938,38,Nannie Helen Burroughs & Minnesota Ave NE,31704,38.901385,-76.941877,YES,NO,,,NO,2,8,405041.71541905,137060.65262358,,DC
237710939,39,Anacostia Metro,31801,38.862669,-76.994637,YES,NO,,,NO,0,11,400465.45079874,132761.28847182,,DC
237710940,40,Good Hope Rd & MLK Ave SE,31802,38.867373,-76.988039,YES,NO,,,NO,7,3,401038.0179126,133283.52133563,,DC
237710941,41,19th & E Street NW,31206,38.8952,-77.0436,YES,NO,,,NO,5,6,396217.71315484,136373.36645763,,DC
237710942,42,4th & W St NE,31500,38.919077,-77.000648,YES,NO,,,NO,3,12,399943.80500792,139023.00525965,,DC
237710943,43,10th & U St NW,31111,38.9172,-77.0259,YES,NO,,,NO,1,13,397753.87564422,138814.96095752,,DC
237710944,44,Georgia Ave and Fairmont St NW,31207,38.9249,-77.0222,YES,NO,,,NO,2,9,398074.95841142,139669.64140129,,DC
237710945,45,1st & N St  SE,31209,38.8743,-77.0057,YES,NO,,,NO,7,30,399505.38183805,134052.41738498,,DC
237710946,46,20th St & Florida Ave NW,31110,38.9154,-77.0446,YES,NO,,,NO,8,4,396132.05899493,138615.77216932,,DC
237710947,47,7th & T St NW,31109,38.9155,-77.0222,YES,NO,,,NO,4,9,398074.70465287,138626.16224103,,DC
237710948,48,Eads & 22nd St S,31013,38.854381,-77.053412,YES,NO,,,NO,0,14,395363.87403378,131842.60323152,,
237710949,49,M St & New Jersey Ave SE,31208,38.8763,-77.0037,YES,NO,,,NO,5,9,399678.94106865,134274.42351994,,DC
237710950,51,Massachusetts Ave & Dupont Circle NW,31200,38.9101,-77.0444,YES,NO,,,NO,17,23,396149.11786763,138027.41994099,,DC
237710951,52,1st & M St NE,31603,38.9057,-77.0056,YES,NO,,,NO,4,11,399514.27317303,137538.06239613,,DC
237710952,53,21st & M St NW,31212,38.90534,-77.046774,YES,NO,,,NO,9,8,395942.94637664,137499.12394013,,DC
237710953,54,17th & K St NW,31213,38.90276,-77.03863,YES,NO,,,NO,19,3,396649.21425572,137212.39264868,,DC
237710954,55,3rd & H St NW,31604,38.899408,-77.015289,YES,NO,,,NO,8,7,398673.76205224,136839.69580021,,DC
237710955,56,3rd & D St SE,31605,38.8851,-77.0023,YES,NO,,,NO,9,2,399800.44743845,135251.28674748,,DC
237710956,57,Potomac & Pennsylvania Ave SE,31606,38.8803,-76.9862,YES,NO,,,NO,6,7,401197.39591334,134718.53788821,,DC
237710957,58,13th & E St SE,31607,38.882915,-76.987907,YES,NO,,,NO,7,8,401049.24479176,135008.80190085,,DC
237710958,59,17th & Corcoran St NW,31214,38.9121,-77.0387,YES,NO,,,NO,6,13,396643.58195891,138249.21138577,,DC
237710959,60,Van Ness Metro / UDC,31300,38.944551,-77.063896,YES,NO,,,NO,9,3,394460.8760265,141852.77834368,,DC
237710960,61,Florida Ave & R St NW,31503,38.9126,-77.0135,YES,NO,,,NO,0,13,398829.1646746,138304.09064665,,DC
237710961,62,8th & Eye St SE / Barracks Row,31608,38.8792,-76.9953,YES,NO,,,NO,9,2,400407.81504123,134596.34949947,,DC
237710962,63,Ward Circle / American University,31301,38.938736,-77.087171,YES,NO,,,NO,7,8,392442.5577893,141208.93151752,,DC
237710963,64,Wisconsin Ave & Newark St NW,31302,38.934881,-77.072755,YES,NO,,,NO,1,15,393692.03675799,140779.89807813,,DC
237710964,65,14th St Heights / 14th & Crittenden St NW,31402,38.947774,-77.032818,YES,NO,,,NO,5,6,397155.14643993,142209.13309952,,DC
237710965,66,Anacostia Library,31804,38.865784,-76.9784,YES,NO,,,NO,8,3,401874.56617125,133107.28439427,,DC
237710966,67,Pennsylvania & Minnesota Ave SE,31805,38.873057,-76.971015,YES,NO,,,NO,6,5,402515.22051118,133914.81891889,,DC
237710967,68,Eastern Market / 7th & North Carolina Ave SE,31610,38.886952,-76.996806,YES,NO,,,NO,5,9,400277.11058153,135456.87541854,,DC
237710968,69,14th St & New York Ave NW,31216,38.899632,-77.031686,YES,NO,,,NO,11,12,397251.41977838,136864.92754697,,DC
237710969,70,Benning Branch Library,31705,38.894,-76.947974,YES,NO,,,NO,7,4,404513.31564725,136240.53983015,,DC
237710970,71,USDA / 12th & C St SW,31217,38.886277,-77.028242,YES,NO,,,NO,21,15,397549.70852812,135382.31936195,,DC
237710971,72,Georgetown Harbor / 30th St NW,31215,38.902221,-77.059219,YES,NO,,,NO,13,6,394863.27537199,137153.51643639,,DC
237710972,73,12th & Newton St NE,31501,38.933668,-76.991016,YES,NO,,,NO,3,7,400778.93906675,140642.76917646,,DC
237710973,74,US Dept of State / Virginia Ave & 21st St NW,31220,38.894919,-77.046587,YES,NO,,,NO,8,6,395958.57590909,136342.30123407,,DC
237710974,75,L'Enfant Plaza / 7th & C St SW,31218,38.886266,-77.022241,YES,NO,,,NO,12,3,398070.35828347,135380.95431573,,DC
237710975,76,10th St & Constitution Ave NW,31219,38.893028,-77.026013,YES,NO,,,NO,16,8,397743.31133834,136131.67560302,,DC
237710976,77,Kennedy Center,31211,38.897293,-77.05557,YES,NO,,,NO,2,15,395179.46081279,136606.27005869,,DC
237710977,78,Eastern Market Metro / Pennsylvania Ave & 7th St SE,31613,38.884,-76.995397,YES,NO,,,NO,14,4,400399.37156595,135129.1858182,,DC
237710978,79,18th & M St NW,31221,38.905067,-77.041779,YES,NO,,,NO,7,17,396376.18562535,137468.60859132,,DC
237710979,80,Tenleytown / Wisconsin Ave & Albemarle St NW,31303,38.947607,-77.079382,YES,NO,,,NO,0,14,393118.69490052,142193.07513516,,DC
237710980,81,13th & H St NE,31611,38.900022,-76.988422,YES,NO,,,NO,12,15,401004.32015331,136907.80734764,,DC
237710981,82,5th & F St NW,31620,38.897222,-77.019347,YES,NO,,,NO,18,8,398321.70110602,136597.09913431,,DC
237710982,83,New York Ave & 15th St NW,31222,38.899032,-77.033354,YES,NO,,,NO,2,16,397106.70593945,136798.37429303,,DC
237710983,84,Convention Center / 7th & M St NW,31223,38.905737,-77.02227,YES,NO,,,NO,17,5,398068.36951337,137542.39041117,,DC
237710984,85,Harvard St & Adams Mill Rd NW,31112,38.927872,-77.043358,YES,NO,,,NO,5,9,396240.42917895,140000.2175631,,DC
237710985,86,19th & L St NW,31224,38.903407,-77.043648,YES,NO,,,NO,6,9,396213.98476874,137284.41101743,,DC
237710986,87,C & O Canal & Wisconsin Ave NW,31225,38.90375,-77.06269,YES,NO,,,NO,8,7,394562.31341761,137323.44877775,,DC
237710987,88,Maine Ave & 7th St SW,31609,38.878694,-77.023054,YES,NO,,,NO,13,6,397999.60967342,134540.4217425,,DC
237710988,89,D St & Maryland Ave NE,31612,38.894758,-76.997114,YES,NO,,,NO,7,15,400250.36118988,136323.40169319,,DC
237710989,439,1st & D St SE,31643,38.884916,-77.005965,YES,NO,,,NO,7,12,399482.46343538,135230.87572136,,DC
237710990,440,Wiehle Ave & Reston Station Blvd,32215,38.9492,-77.3368,YES,NO,,,NO,8,10,370804.88270418,142420.77692888,,
237710991,441,Library St & Freedom Dr,32216,38.959633,-77.358741,YES,NO,,,NO,6,12,368907.51332443,143586.17197497,,
237710992,442,Sunset Hills Rd & Discovery Square,32217,38.95534,-77.357611,YES,NO,,,NO,8,7,369003.58432792,143109.22880515,,
237710993,443,22nd St & Constitution Ave NW,31292,38.892441,-77.048947,YES,NO,,,NO,10,13,395753.69834411,136067.33084543,,DC
237710994,444,61st St & Banks Pl NE,31714,38.891805,-76.913563,YES,NO,,,NO,11,8,407498.73967816,135999.14156768,,DC
237710995,445,Temporary Rd & Old Reston Ave,32218,38.960084,-77.353414,YES,NO,,,NO,4,11,369369.40191424,143634.4358956,,
237710996,446,Reston YMCA,32219,38.955314,-77.368416,YES,NO,,,NO,6,9,368067.03974401,143110.06678211,,
237710997,447,Sunset Hills Rd & Isaac Newton Square,32220,38.951443,-77.340377,YES,NO,,,NO,10,1,370495.7444288,142670.91855872,,
237710998,448,N Lynn St & Fairfax Dr,31917,38.89386,-77.070862,YES,NO,,,NO,3,12,393852.62779737,136226.09856392,,
237710999,449,Georgia Ave & Piney Branch Rd NW,31414,38.967505,-77.027976,YES,NO,,,NO,8,7,397575.55015788,144399.31612925,,DC
237711000,450,Greensboro & International Dr,32221,38.923083,-77.227417,YES,NO,,,NO,2,8,380279.37434818,139492.26880639,,
237711001,451,Madison & Fairfax St,31918,38.812351,-77.040691,YES,NO,,,NO,4,10,396465.96860825,127176.42009605,,
237711002,452,Sligo Ave & Carroll Ln,32058,38.990874,-77.016311,YES,NO,,,NO,7,7,398586.92327584,146993.256491,,
237711003,453,15th & W St NW,31125,38.919086,-77.034502,YES,NO,,,NO,13,6,397007.96400294,139024.5695478,,DC
237711004,454,12th St & Pennsylvania Ave SE,31644,38.882489,-76.990121,YES,NO,,,NO,8,10,400857.15299711,134961.48951302,,DC
237711005,455,3rd St & Riggs Rd NE,31412,38.957463,-77.002239,YES,NO,,,NO,11,4,399805.93693957,143284.19137817,,DC
237711006,456,Carlin Springs Rd & N Thomas St,31919,38.876695,-77.112982,YES,NO,,,NO,4,11,390196.30536757,134324.33170588,,
237711007,457,Towers Crescent Dr & Tysons One Pl,32222,38.915246,-77.220157,YES,NO,,,NO,4,5,380906.83105285,138620.75516987,,
237711008,458,6th & K St NE,31645,38.902877,-76.998405,YES,NO,,,NO,12,5,400138.35088416,137224.67283593,,DC
237711009,459,Pooks Hill Rd & Linden Ave,32057,39.014716,-77.107143,YES,NO,,,NO,4,11,390720.95043328,149645.2816699,,
237711010,460,Takoma Park Rec Center,32059,38.98265,-76.988311,YES,NO,,,NO,6,9,401012.77423762,146080.24993225,,
237711011,461,New Hampshire & Kirklynn Ave,32061,38.988101,-76.988422,YES,NO,,,NO,3,12,401003.0800788,146685.36332198,,
237711012,462,Wheaton Metro/Georgia Ave & Reedie Dr,32062,39.038341,-77.051023,YES,NO,,,NO,5,6,395582.65145222,152263.70107898,,
237711013,463,Amherst Ave & Elkins St,32063,39.044887,-77.047788,YES,NO,,,NO,8,7,395863.10400444,152990.22852961,,
237711014,464,Amherst Ave & Prichard Rd,32064,39.035965,-77.048395,YES,NO,,,NO,6,8,395810.0323662,151999.81494344,,
237711015,465,Grandview & Blueridge Ave,32065,39.043272,-77.053085,YES,NO,,,NO,8,6,395404.45083084,152811.19876663,,
237711016,466,Windham Ln & Amherst Ave,32066,39.032029,-77.04735,YES,NO,,,NO,8,7,395900.28028089,151562.82832343,,
237711017,467,North Shore Dr & Village Rd,32223,38.970412,-77.340787,YES,NO,,,NO,9,2,370468.0661928,144776.77171083,,
237711018,468,Town Center Pkwy & Sunset Hills Rd,32224,38.955171,-77.363094,YES,NO,,,NO,4,7,368528.26577752,143092.3443935,,
237711019,469,3rd & Underwood St NW,31413,38.968834,-77.016258,YES,NO,,,NO,8,11,398591.07910767,144546.60165408,,DC
237711020,470,18th & Monroe St NE,31521,38.93293,-76.979517,YES,NO,,,NO,13,6,401775.95435655,140561.00567055,,DC
237711021,471,7th & E St SW,31294,38.88345,-77.021741,YES,NO,,,NO,0,19,398113.66411757,135068.34613835,,DC
237711022,472,Shady Grove Metro East,32067,39.121327,-77.164969,YES,NO,,,NO,7,12,385734.35932116,161487.81062324,,
237711023,473,Potomac & M St NW,31295,38.905368,-77.065149,YES,NO,,,NO,13,5,394349.14970107,137503.20919441,,DC
237711024,474,Columbia & Ontario Rd NW,31296,38.924088,-77.040787,YES,NO,,,NO,3,20,396463.17281514,139580.05853158,,DC
237711025,475,Washington-Lee High School / N Stafford St & Generals Way,31920,38.888282,-77.111066,YES,NO,,,NO,10,5,390364.12569347,135610.37264375,,
237711026,476,Westover Library / Washington Blvd & N McKinley Rd,31921,38.886048,-77.142317,YES,NO,,,NO,10,5,387652.46388519,135366.14435057,,
237711027,477,Columbia Pike & S Taylor St,31923,38.858524,-77.103728,YES,NO,,,NO,8,7,390997.00279743,132306.26461119,,
237711028,478,Columbus Ave & Tribeca St,32068,39.126,-77.1673,YES,NO,,,NO,7,4,385533.7377928,162006.94178854,,
237711029,479,Columbus Ave & Gramercy Blvd,32069,39.12333,-77.16486,YES,NO,,,NO,3,7,385744.18661456,161710.15281948,,
237711030,480,Reston Pkwy & Spectrum Dr,32225,38.964208,-77.35428,YES,NO,,,NO,5,10,369296.1222373,144092.52580133,,
237711031,481,Key West Ave & Great Seneca Hwy,32070,39.105642,-77.20386,YES,NO,,,NO,7,4,382367.38936046,159753.36941456,,
237711032,482,Virginia Ave & 25th St NW,31297,38.8995,-77.054155,YES,NO,,,NO,11,8,395302.35335497,136851.190868,,DC
237711033,483,15th & M St NW,31298,38.905424,-77.034674,YES,NO,,,NO,18,1,396992.47200484,137507.98042771,,DC
237711034,484,11th & Girard St NW,31126,38.925636,-77.027112,YES,NO,,,NO,0,18,397649.0455579,139751.45871596,,DC
237711035,485,Connecticut Ave & R St NW,31299,38.912644,-77.04564,YES,NO,,,NO,15,2,396041.71190715,138309.87791719,,DC
237711036,486,Wilson Blvd & N Troy St,31924,38.892556,-77.082089,YES,NO,,,NO,10,5,392878.54077938,136082.16026187,,
237711037,487,Nebraska Ave/AU East Campus,31320,38.936298,-77.087128,YES,NO,,,NO,2,17,392446.02744342,140938.28866237,,DC
237711038,488,15th St & Constitution Ave NW,31321,38.892244,-77.033234,YES,NO,,,NO,5,14,397116.84102069,136044.84872031,,DC
237711039,489,22nd & H St NW,31127,38.899104,-77.048946,YES,NO,,,NO,11,5,395754.18167179,136806.97654528,,DC
237711040,490,23rd & M St NW,31128,38.905303,-77.050264,YES,NO,,,NO,17,0,395640.23073239,137495.17752963,,DC
237711041,491,Corporate Blvd & Omega Dr,32071,39.106971,-77.192645,YES,NO,,,NO,6,9,383337.72634014,159898.79852701,,
237711042,492,Key West Ave & Diamondback Dr,32072,39.106152,-77.202354,YES,NO,,,NO,5,6,382497.7741937,159809.69600414,,
237711043,493,Alabama Ave & Stanton Rd SE / Shops at Park Village,31813,38.84627,-76.98185,YES,NO,,,NO,5,14,401575.58698417,130941.02523883,,DC
237711044,494,Mississippi Ave & 19th St SE / THEARC,31814,38.84377,-76.97557,YES,NO,,,NO,9,10,402120.82301757,130663.63495458,,DC
237711045,495,19th & Savannah St SE,31815,38.84623,-76.97703,YES,NO,,,NO,2,9,401994.00843863,130936.67919577,,DC
237711046,496,4th St & Mississippi Ave SE,31816,38.836,-77.0009,YES,NO,,,NO,6,12,399921.86047978,129800.82808676,,DC
237711047,497,1st & S Capitol St SE / Oxon Run Trail,31817,38.824481,-77.005497,YES,NO,,,NO,6,13,399522.66417816,128522.15576317,,DC
237711048,498,Livingston Rd & 3rd St SE,31818,38.82373,-77.00223,YES,NO,,,NO,6,9,399806.35436098,128438.77779685,,DC
237711049,499,Joliet St & MLK Ave SW/Bald Eagle Rec Ctr,31819,38.81909,-77.01033,YES,NO,,,NO,6,13,399102.91954224,127923.75575858,,DC
237711050,500,37th & Ely Pl SE / Fort Dupont Ice Arena,31715,38.883011,-76.949709,YES,NO,,,NO,4,11,404363.47443248,135020.59106453,,DC
237711051,501,15th St & Pennsylvania Ave NW/Pershing Park,31129,38.89635,-77.03338,YES,NO,,,NO,16,1,397104.34170479,136500.65176137,,DC
237711052,505,Maine Ave & 9th St SW,31646,38.88044,-77.025236,YES,NO,,,NO,11,4,397810.3316151,134734.29111053,,DC
237711053,506,Lincoln Rd & Seaton Pl NE/Harry Thomas Rec Center,31523,38.915,-77.0078,YES,NO,,,NO,1,18,399323.54012973,138570.45287747,,DC
237711054,507,Blueridge Ave & Elkins St,32073,39.04313,-77.05006,YES,NO,,,NO,6,8,395666.3153108,152795.28723461,,
237711055,508,Georgia Ave & Kennedy St NW,31415,38.95674,-77.02791,YES,NO,,,NO,12,4,397580.9044781,143204.29914198,,DC
237711056,509,7th St & Massachusetts Ave NE,31647,38.89222,-76.99602,YES,NO,,,NO,1,18,400345.27823457,136041.66724467,,DC
237711057,510,Anacostia Park,31820,38.87335,-76.9834,YES,NO,,,NO,9,10,401440.48609721,133947.07578113,,DC
237711058,511,Twinbrook Metro,32074,39.062041,-77.120776,YES,NO,,,NO,3,11,389547.22460493,154900.35101059,,
237711059,512,White Flint Metro,32075,39.04753,-77.11287,YES,NO,,,NO,2,23,390229.47146744,153288.58874682,,
237711060,513,Citadel Ave & McGrath Blvd,32076,39.049,-77.10933,YES,NO,,,NO,8,7,390536.10487958,153451.40235199,,
237711061,514,Rockville Pike & Old Georgetown Rd,32077,39.049765,-77.11368,YES,NO,,,NO,9,6,390159.66327327,153536.78591612,,
237711062,515,Woodglen Dr & Executive Blvd,32078,39.04317,-77.1135,YES,NO,,,NO,9,7,390174.3341235,152804.64762876,,
237711063,516,Executive Blvd & E Jefferson St,32079,39.04873,-77.1257,YES,NO,,,NO,10,5,389119.03377561,153423.25344851,,
237711064,517,Fishers Ln & Rock Creek Mill Rd,32080,39.0629,-77.113454,YES,NO,,,NO,10,5,390181.03839473,154994.89700637,,
237711065,518,Congressional Ln & E Jefferson St,32081,39.06219,-77.129235,YES,NO,,,NO,11,3,388815.14917769,154917.89423183,,
237711066,519,Garland Ave & Walden Rd,32082,39.00048,-77.00077,YES,NO,,,NO,2,13,399933.30130751,148059.49329491,,
237711067,520,Greensboro & Pinnacle Dr,32227,38.92245,-77.23034,YES,NO,,,NO,5,8,380025.7275732,139422.63616382,,
237711068,521,1301 McCormick Dr / Wayne K. Curry Admin Bldg,32400,38.908391,-76.843263,YES,NO,,,NO,3,12,413594.36716813,137848.44081626,,
237711069,522,Largo Town Center Metro,32401,38.899811,-76.844604,YES,NO,,,NO,11,6,413479.67880639,136895.79387366,,
237711070,523,Baltimore Ave & Van Buren St / Riverdale Park Station,32402,38.969581,-76.937349,YES,NO,,,NO,11,5,405429.28841871,144631.26332121,,
237711071,524,Baltimore Ave & Jefferson St,32403,38.95548,-76.940133,YES,NO,,,NO,6,9,405189.0556649,143065.75926068,,
237711072,525,Perry & 35th St,32404,38.936213,-76.960054,YES,NO,,,NO,4,11,403463.31126239,140926.00580608,,
237711073,526,Grand Park & Rose Ave,32083,39.051035,-77.1176,YES,NO,,,NO,4,10,389820.52312122,153678.20010051,,
237711074,527,Potomac Ave & Half St SW,31648,38.870201,-77.010837,YES,NO,,,NO,4,18,399059.564052,133597.43811401,,DC
237711075,529,Crystal Dr & Potomac Ave,31925,38.848304,-77.05122,YES,NO,,,NO,5,6,395553.75965314,131167.90422253,,
237711076,530,Largo Rd & Campus Way / Prince Georges's Comm Col,32405,38.88994,-76.825535,YES,NO,,,NO,8,6,415135.8933892,135803.02524401,,
237711077,531,Stanton Square SE,31822,38.855004,-76.984512,YES,NO,,,NO,6,12,401344.3364042,131910.51845013,,DC
237711078,532,14th & Newton St NW,31649,38.931991,-77.032956,YES,NO,,,NO,4,15,397142.5512971,140457.08506238,,DC
237711079,533,48th Pl & MacArthur Blvd NW,31322,38.917304,-77.09629,YES,NO,,,NO,6,13,391649.4609413,138830.59122064,,DC
237711080,534,14th & Luzon St NW,31416,38.969489,-77.033509,YES,NO,,,NO,13,6,397096.13141553,144619.72035474,,DC
237711081,535,1st & M St SE,31650,38.876893,-77.006072,YES,NO,,,NO,2,17,399473.12064057,134340.26201911,,DC
237711082,536,Fleet St & Waterfront St,32406,38.782633,-77.016059,YES,NO,,,NO,8,7,398604.68836866,123876.87422328,,
237711083,537,Oxon Hill Park & Ride,32407,38.798749,-77.00103,YES,NO,,,NO,3,11,399910.5270042,125665.72542345,,
237711084,538,11th & Park Rd NW,31651,38.93165,-77.028305,YES,NO,,,NO,1,17,397545.80432084,140419.09579968,,DC
237711085,539,4th & M St SE,31652,38.876751,-77.000736,YES,NO,,,NO,12,6,399936.13570809,134324.48167991,,DC
237711086,540,Kansas Ave & Sherman Cr NW,31417,38.948057,-77.021467,YES,NO,,,NO,11,8,398139.12396604,142240.25608725,,DC
237711087,541,Campus Commons,32228,38.944707,-77.335425,YES,NO,,,NO,4,7,370922.23982449,141921.57807479,,
237711088,542,Park Run & Onyx Dr,32229,38.92755,-77.226644,YES,NO,,,NO,1,10,380347.63656968,139987.97567858,,
237711089,543,7th & K St NW,31653,38.902674,-77.021392,YES,NO,,,NO,19,0,398144.44482152,137202.35439866,,DC
237711090,544,King Greenleaf Rec Center,31654,38.876211,-77.012443,YES,NO,,,NO,11,8,398920.28614755,134264.61092602,,DC
237711091,545,Montello Ave & Holbrook Terr NE,31524,38.907444,-76.986813,YES,NO,,,NO,13,6,401143.77197127,137731.72831818,,DC
237711092,546,New Jersey Ave & F St NW,31655,38.897108,-77.011616,YES,NO,,,NO,6,26,398992.34242003,136584.33049353,,DC
237711093,547,Maryland Ave & 17th St NE,31656,38.901935,-76.978627,YES,NO,,,NO,7,12,401853.92631338,137120.31905717,,DC
237711094,548,Massachusetts Ave & 6th St NE,31657,38.892934,-76.998273,YES,NO,,,NO,9,9,400149.82149334,136120.92075379,,DC
237711095,549,Woodley Park Metro / Calvert St & Connecticut Ave NW,31323,38.923389,-77.051833,YES,NO,,,NO,3,19,395505.27970405,139502.94951435,,DC
237711096,550,McLean Metro,32230,38.923781,-77.207906,YES,NO,,,NO,10,9,381971.45788683,139565.71846746,,
237711097,551,Trinidad Rec Center,31525,38.906299,-76.983221,YES,NO,,,NO,6,13,401455.34677634,137604.67511904,,DC
237711098,552,Rosedale Rec Center / 17th & Gales St NE,31658,38.897808,-76.979634,YES,NO,,,NO,8,11,401766.67981983,136662.16902837,,DC
237711099,553,11th & C St SE,31659,38.885908,-76.991476,YES,NO,,,NO,5,14,400739.55076938,135341.01300804,,DC
237711100,554,New Hampshire & Gallatin St NW,31418,38.951596,-77.012808,YES,NO,,,NO,10,9,398889.78818014,142632.97619532,,DC
